Dataset,Method,K,Silhouette,ARI,NMI
Original,K-Means,2,0.07774778411033892,-0.0014684556198417975,0.001271607159383157
Original,Hierarchical,2,0.04822744516409994,0.0025274545268650335,0.0039055103060644586
Top_Features,K-Means,10,0.1292860182042596,-0.0021651231398860096,0.006269269160140751
Top_Features,Hierarchical,10,0.0973175402202618,0.003060570847223691,0.016566166401632405
